{
"relaxed":{"0":{"absolute":{"x":0.4473411738872528,"y":0.7184647917747498},"image":{"x":572,"y":517}},"1":{"absolute":{"x":0.48420560359954834,"y":0.6948904991149902},"image":{"x":619,"y":500}},"10":{"absolute":{"x":0.47006139159202576,"y":0.4734311103820801},"image":{"x":601,"y":340}},"11":{"absolute":{"x":0.469586580991745,"y":0.4287896156311035},"image":{"x":601,"y":308}},"12":{"absolute":{"x":0.4692762792110443,"y":0.39205119013786316},"image":{"x":600,"y":282}},"13":{"absolute":{"x":0.4487636983394623,"y":0.5512017011642456},"image":{"x":574,"y":396}},"14":{"absolute":{"x":0.4485728442668915,"y":0.4871385097503662},"image":{"x":574,"y":350}},"15":{"absolute":{"x":0.44800877571105957,"y":0.4447008967399597},"image":{"x":573,"y":320}},"16":{"absolute":{"x":0.44764798879623413,"y":0.40850239992141724},"image":{"x":572,"y":294}},"17":{"absolute":{"x":0.4289301335811615,"y":0.5692449808120728},"image":{"x":549,"y":409}},"18":{"absolute":{"x":0.4243195652961731,"y":0.5214288234710693},"image":{"x":543,"y":375}},"19":{"absolute":{"x":0.42162108421325684,"y":0.4921796917915344},"image":{"x":539,"y":354}},"2":{"absolute":{"x":0.5122151970863342,"y":0.6480678915977478},"image":{"x":655,"y":466}},"20":{"absolute":{"x":0.41937145590782166,"y":0.4660762846469879},"image":{"x":536,"y":335}},"3":{"absolute":{"x":0.5287969708442688,"y":0.6033099889755249},"image":{"x":676,"y":434}},"4":{"absolute":{"x":0.5456221103668213,"y":0.5714649558067322},"image":{"x":698,"y":411}},"5":{"absolute":{"x":0.4894452691078186,"y":0.5551519393920898},"image":{"x":626,"y":399}},"6":{"absolute":{"x":0.4944568872451782,"y":0.48829054832458496},"image":{"x":632,"y":351}},"7":{"absolute":{"x":0.4948956072330475,"y":0.4479561746120453},"image":{"x":633,"y":322}},"8":{"absolute":{"x":0.49538207054138184,"y":0.41455042362213135},"image":{"x":634,"y":298}},"9":{"absolute":{"x":0.4685813784599304,"y":0.5462125539779663},"image":{"x":599,"y":393}}}
} 
